<?xml version="1.0" encoding="UTF-8"?>
<webSphere-memento-map
   CONFIG_MEMENTO_MAP_FILE_KEY_ID="WebSphere V5.1 Configuration Memento Map File"
   CONFIG_NAME_KEY_ID="ExercisesServer" server-type="14">
   <memento-map>
      <memento-map-entry key="Exercise3Eap" value="com.ibm.etools.server.j2ee.ear13:Exercise3Eap"/>
      <memento-map-entry key="Exercise4Dwp.war" value="com.ibm.etools.webtools.server:Exercise4Dwp"/>
      <memento-map-entry key="Exercise4EJBProject.jar" value="com.ibm.etools.server.j2ee.ejb20:Exercise4EJBProject"/>
      <memento-map-entry key="Exercise2Eap" value="com.ibm.etools.server.j2ee.ear13:Exercise2Eap"/>
      <memento-map-entry key="Exercise1Eap" value="com.ibm.etools.server.j2ee.ear13:Exercise1Eap"/>
      <memento-map-entry key="Exercise2Dwp.war" value="com.ibm.etools.webtools.server:Exercise2Dwp"/>
      <memento-map-entry key="Exercise4Eap" value="com.ibm.etools.server.j2ee.ear13:Exercise4Eap"/>
      <memento-map-entry key="Exercise3EJBProject.jar" value="com.ibm.etools.server.j2ee.ejb20:Exercise3EJBProject"/>
      <memento-map-entry key="Exercise1Dwp.war" value="com.ibm.etools.webtools.server:Exercise1Dwp"/>
   </memento-map>
</webSphere-memento-map>
