<?xml version="1.0" encoding="UTF-8"?>
<!DOCTYPE application PUBLIC "-//Sun Microsystems, Inc.//DTD J2EE Application 1.3//EN" "http://java.sun.com/dtd/application_1_3.dtd">
<application id="Application_ID">
	<display-name>Exercise4Eap</display-name>
	<module id="EjbModule_1092781772601">
		<ejb>Exercise4EJBProject.jar</ejb>
	</module>
	<module id="WebModule_1092781794482">
		<web>
			<web-uri>Exercise4Dwp.war</web-uri>
			<context-root>Exercise4Dwp</context-root>
		</web>
	</module>
</application>
