<?xml version="1.0" encoding="UTF-8"?>
<appdeployment:Deployment xmi:version="2.0" xmlns:xmi="http://www.omg.org/XMI" xmlns:appdeployment="http://www.ibm.com/websphere/appserver/schemas/5.0/appdeployment.xmi" xmi:id="Deployment_1">
  <deployedObject xmi:type="appdeployment:ApplicationDeployment" xmi:id="ApplicationDeployment_1" startingWeight="10" binariesURL="${WS_EAR_Exercise4Eap}" useMetadataFromBinaries="true" reloadInterval="0" reloadEnabled="false">
    <targetMappings xmi:id="DeploymentTargetMapping_1" enable="true" target="ServerTarget_1"/>
    <modules xmi:type="appdeployment:WebModuleDeployment" xmi:id="WebModuleDeployment_1" startingWeight="10000" uri="Exercise4Dwp.war">
      <targetMappings xmi:id="DeploymentTargetMapping_2" target="ServerTarget_1"/>
    </modules>
    <modules xmi:type="appdeployment:EJBModuleDeployment" xmi:id="EJBModuleDeployment_1" startingWeight="5000" uri="Exercise4EJBProject.jar">
      <targetMappings xmi:id="DeploymentTargetMapping_3" target="ServerTarget_1"/>
    </modules>
    <classloader xmi:id="Classloader_1" mode="PARENT_FIRST"/>
  </deployedObject>
  <deploymentTargets xmi:type="appdeployment:ServerTarget" xmi:id="ServerTarget_1" name="server1" nodeName="localhost"/>
</appdeployment:Deployment>
