<?xml version="1.0" encoding="UTF-8"?>
<rolebasedauthz:AuthorizationTableExt xmi:version="2.0" xmlns:xmi="http://www.omg.org/XMI" xmlns:rolebasedauthz="http://www.ibm.com/websphere/appserver/schemas/5.0/rolebasedauthz.xmi" xmi:id="AuthorizationTableExt_1" context="domain">
  <authorizations xmi:id="RoleAssignmentExt_1" role="SecurityRoleExt_1">
    <specialSubjects xmi:type="rolebasedauthz:ServerExt" xmi:id="ServerExt_1"/>
  </authorizations>
  <authorizations xmi:id="RoleAssignmentExt_2" role="SecurityRoleExt_2"/>
  <authorizations xmi:id="RoleAssignmentExt_3" role="SecurityRoleExt_3"/>
  <authorizations xmi:id="RoleAssignmentExt_4" role="SecurityRoleExt_4"/>
  <roles xmi:id="SecurityRoleExt_1" roleName="administrator"/>
  <roles xmi:id="SecurityRoleExt_2" roleName="operator"/>
  <roles xmi:id="SecurityRoleExt_3" roleName="configurator"/>
  <roles xmi:id="SecurityRoleExt_4" roleName="monitor"/>
</rolebasedauthz:AuthorizationTableExt>
