<?xml version="1.0" encoding="UTF-8"?>
<security:Security xmi:version="2.0" xmlns:xmi="http://www.omg.org/XMI" xmlns:orb.securityprotocol="http://www.ibm.com/websphere/appserver/schemas/5.0/orb.securityprotocol.xmi" xmlns:security="http://www.ibm.com/websphere/appserver/schemas/5.0/security.xmi" xmi:id="Security_1" useLocalSecurityServer="true" useDomainQualifiedUserNames="false" enabled="false" cacheTimeout="600" issuePermissionWarning="true" activeProtocol="BOTH" enforceJava2Security="false" activeAuthMechanism="SWAMAuthentication_1" activeUserRegistry="LocalOSUserRegistry" defaultSSLSettings="SSLConfig_1">
  <authMechanisms xmi:type="security:SWAMAuthentication" xmi:id="SWAMAuthentication_1" OID="No OID for this mechanism" authContextImplClass="com.ibm.ISecurityLocalObjectGSSUPImpl.WSSecurityContext" authConfig="system.SWAM" simpleAuthConfig="system.SWAM" authValidationConfig="system.SWAM"/>
  <authMechanisms xmi:type="security:LTPA" xmi:id="LTPA_1" OID="oid:1.3.18.0.2.30.2" authContextImplClass="com.ibm.ISecurityLocalObjectTokenBaseImpl.WSSecurityContextLTPAImpl" authConfig="system.LTPA" simpleAuthConfig="system.LTPA" authValidationConfig="system.LTPA" timeout="120" password="{xor}">
    <trustAssociation xmi:id="TrustAssociation_1" enabled="false">
      <interceptors xmi:id="TAInterceptor_1" interceptorClassName="com.ibm.ws.security.web.WebSealTrustAssociationInterceptor"/>
    </trustAssociation>
    <singleSignon xmi:id="SingleSignon_1" requiresSSL="false" domainName="" enabled="true"/>
  </authMechanisms>
  <userRegistries xmi:type="security:LocalOSUserRegistry" xmi:id="LocalOSUserRegistry" serverId="" serverPassword="{xor}" realm=""/>
  <userRegistries xmi:type="security:CustomUserRegistry" xmi:id="CustomUserRegistry_1" customRegistryClassName="com.ibm.websphere.security.FileRegistrySample"/>
  <userRegistries xmi:type="security:LDAPUserRegistry" xmi:id="LDAPUserRegistry_1" serverId="" serverPassword="{xor}" realm="" ignoreCase="false" type="IBM_DIRECTORY_SERVER" sslEnabled="false" sslConfig="localhost/DefaultSSLSettings" baseDN="" bindDN="" bindPassword="{xor}" searchTimeout="120" reuseConnection="true">
    <searchFilter xmi:id="LDAPSearchFilter_1" userFilter="(&amp;(uid=%v)(objectclass=ePerson))" groupFilter="(&amp;(cn=%v)(|(objectclass=groupOfNames)(objectclass=groupOfUniqueNames)))" userIdMap="*:uid" groupIdMap="*:cn" groupMemberIdMap="ibm-allGroups:member;ibm-allGroups:uniqueMember" certificateMapMode="EXACT_DN" certificateFilter=""/>
    <hosts xmi:id="EndPoint_1" host="" port="389"/>
  </userRegistries>
  <applicationLoginConfig xmi:id="JAASConfiguration_1">
    <entries xmi:id="JAASConfigurationEntry_1" alias="ClientContainer">
      <loginModules xmi:id="JAASLoginModule_1" moduleClassName="com.ibm.ws.security.common.auth.module.proxy.WSLoginModuleProxy" authenticationStrategy="REQUIRED">
        <options xmi:id="Property_1" name="delegate" value="com.ibm.ws.security.common.auth.module.WSClientLoginModuleImpl"/>
      </loginModules>
    </entries>
    <entries xmi:id="JAASConfigurationEntry_2" alias="WSLogin">
      <loginModules xmi:id="JAASLoginModule_2" moduleClassName="com.ibm.ws.security.common.auth.module.proxy.WSLoginModuleProxy" authenticationStrategy="REQUIRED">
        <options xmi:id="Property_2" name="delegate" value="com.ibm.ws.security.common.auth.module.WSLoginModuleImpl"/>
      </loginModules>
    </entries>
    <entries xmi:id="JAASConfigurationEntry_3" alias="DefaultPrincipalMapping">
      <loginModules xmi:id="JAASLoginModule_3" moduleClassName="com.ibm.ws.security.common.auth.module.proxy.WSLoginModuleProxy" authenticationStrategy="REQUIRED">
        <options xmi:id="Property_3" name="delegate" value="com.ibm.ws.security.auth.j2c.WSPrincipalMappingLoginModule"/>
      </loginModules>
    </entries>
  </applicationLoginConfig>
  <CSI xmi:id="IIOPSecurityProtocol_1">
    <claims xmi:type="orb.securityprotocol:CommonSecureInterop" xmi:id="CSIv2 Inbound Configuration" stateful="true">
      <layers xmi:type="orb.securityprotocol:IdentityAssertionLayer" xmi:id="IdentityAssertionLayer_1">
        <supportedQOP xmi:type="orb.securityprotocol:IdentityAssertionQOP" xmi:id="IdentityAssertionQOP_1" enable="false"/>
      </layers>
      <layers xmi:type="orb.securityprotocol:MessageLayer" xmi:id="MessageLayer_1">
        <requiredQOP xmi:type="orb.securityprotocol:MessageQOP" xmi:id="MessageQOP_2" establishTrustInClient="false"/>
        <supportedQOP xmi:type="orb.securityprotocol:MessageQOP" xmi:id="MessageQOP_1" establishTrustInClient="true"/>
      </layers>
      <layers xmi:type="orb.securityprotocol:TransportLayer" xmi:id="TransportLayer_1">
        <requiredQOP xmi:type="orb.securityprotocol:TransportQOP" xmi:id="TransportQOP_2" establishTrustInClient="false" enableProtection="false" confidentiality="false" integrity="true"/>
        <supportedQOP xmi:type="orb.securityprotocol:TransportQOP" xmi:id="TransportQOP_1" establishTrustInClient="true" enableProtection="true" confidentiality="true" integrity="true"/>
        <serverAuthentication xmi:id="IIOPTransport_1" sslConfig="localhost/DefaultSSLSettings"/>
      </layers>
    </claims>
    <performs xmi:type="orb.securityprotocol:CommonSecureInterop" xmi:id="CSIv2 Outbound Configuration" stateful="true" sessionGCInterval="300000" sessionGCIdleTime="900000">
      <layers xmi:type="orb.securityprotocol:IdentityAssertionLayer" xmi:id="IdentityAssertionLayer_2">
        <requiredQOP xmi:type="orb.securityprotocol:IdentityAssertionQOP" xmi:id="IdentityAssertionQOP_3" enable="false"/>
        <supportedQOP xmi:type="orb.securityprotocol:IdentityAssertionQOP" xmi:id="IdentityAssertionQOP_2" enable="false"/>
      </layers>
      <layers xmi:type="orb.securityprotocol:MessageLayer" xmi:id="MessageLayer_2" authenticationLayerRetryCount="3">
        <requiredQOP xmi:type="orb.securityprotocol:MessageQOP" xmi:id="MessageQOP_4" establishTrustInClient="false"/>
        <supportedQOP xmi:type="orb.securityprotocol:MessageQOP" xmi:id="MessageQOP_3" establishTrustInClient="true"/>
      </layers>
      <layers xmi:type="orb.securityprotocol:TransportLayer" xmi:id="TransportLayer_2">
        <requiredQOP xmi:type="orb.securityprotocol:TransportQOP" xmi:id="TransportQOP_4" establishTrustInClient="false" enableProtection="false" confidentiality="false" integrity="true"/>
        <supportedQOP xmi:type="orb.securityprotocol:TransportQOP" xmi:id="TransportQOP_3" establishTrustInClient="false" enableProtection="true" confidentiality="true" integrity="true"/>
        <serverAuthentication xmi:id="IIOPTransport_2" sslConfig="localhost/DefaultSSLSettings"/>
      </layers>
    </performs>
  </CSI>
  <IBM xmi:id="IIOPSecurityProtocol_2">
    <claims xmi:type="orb.securityprotocol:SecureAssociationService" xmi:id="SecureAssociationService_1">
      <layers xmi:type="orb.securityprotocol:TransportLayer" xmi:id="TransportLayer_3">
        <supportedQOP xmi:type="orb.securityprotocol:TransportQOP" xmi:id="TransportQOP_5" enableProtection="true" confidentiality="true" integrity="true"/>
        <serverAuthentication xmi:id="IIOPTransport_3" sslConfig="localhost/DefaultSSLSettings"/>
      </layers>
    </claims>
    <performs xmi:type="orb.securityprotocol:SecureAssociationService" xmi:id="SecureAssociationService_2">
      <layers xmi:type="orb.securityprotocol:TransportLayer" xmi:id="TransportLayer_4">
        <supportedQOP xmi:type="orb.securityprotocol:TransportQOP" xmi:id="TransportQOP_6" enableProtection="true" confidentiality="false" integrity="false"/>
        <serverAuthentication xmi:id="IIOPTransport_4" sslConfig="localhost/DefaultSSLSettings"/>
      </layers>
    </performs>
  </IBM>
  <repertoire xmi:id="SSLConfig_1" alias="localhost/DefaultSSLSettings">
    <setting xmi:id="SecureSocketLayer_1" keyFileName="${USER_INSTALL_ROOT}/etc/DummyServerKeyFile.jks" keyFilePassword="{xor}CDo9Hgw=" keyFileFormat="JKS" trustFileName="${USER_INSTALL_ROOT}/etc/DummyServerTrustFile.jks" trustFilePassword="{xor}CDo9Hgw=" trustFileFormat="JKS" clientAuthentication="false" securityLevel="HIGH" enableCryptoHardwareSupport="false">
      <cryptoHardware xmi:id="CryptoHardwareToken_1" tokenType="" libraryFile="" password="{xor}"/>
      <properties xmi:id="Property_4" name="com.ibm.ssl.protocol" value="SSLv3"/>
      <properties xmi:id="Property_5" name="com.ibm.ssl.contextProvider" value="IBMJSSE"/>
    </setting>
  </repertoire>
  <systemLoginConfig xmi:id="JAASConfiguration_2">
    <entries xmi:id="JAASConfigurationEntry_4" alias="SWAM">
      <loginModules xmi:id="JAASLoginModule_4" moduleClassName="com.ibm.ws.security.common.auth.module.proxy.WSLoginModuleProxy" authenticationStrategy="REQUIRED">
        <options xmi:id="Property_6" name="delegate" value="com.ibm.ws.security.server.lm.swamLoginModule"/>
      </loginModules>
    </entries>
    <entries xmi:id="JAASConfigurationEntry_5" alias="LTPA">
      <loginModules xmi:id="JAASLoginModule_5" moduleClassName="com.ibm.ws.security.common.auth.module.proxy.WSLoginModuleProxy" authenticationStrategy="REQUIRED">
        <options xmi:id="Property_7" name="delegate" value="com.ibm.ws.security.server.lm.ltpaLoginModule"/>
      </loginModules>
    </entries>
    <entries xmi:id="JAASConfigurationEntry_6" alias="wssecurity.IDAssertion">
      <loginModules xmi:id="JAASLoginModule_6" moduleClassName="com.ibm.ws.security.common.auth.module.proxy.WSLoginModuleProxy" authenticationStrategy="REQUIRED">
        <options xmi:id="Property_8" name="delegate" value="com.ibm.wsspi.wssecurity.auth.module.IDAssertionLoginModule"/>
      </loginModules>
    </entries>
    <entries xmi:id="JAASConfigurationEntry_7" alias="wssecurity.Signature">
      <loginModules xmi:id="JAASLoginModule_7" moduleClassName="com.ibm.ws.security.common.auth.module.proxy.WSLoginModuleProxy" authenticationStrategy="REQUIRED">
        <options xmi:id="Property_9" name="delegate" value="com.ibm.wsspi.wssecurity.auth.module.SignatureLoginModule"/>
      </loginModules>
    </entries>
    <entries xmi:id="JAASConfigurationEntry_8" alias="LTPA_WEB">
      <loginModules xmi:id="JAASLoginModule_8" moduleClassName="com.ibm.ws.security.common.auth.module.proxy.WSLoginModuleProxy" authenticationStrategy="REQUIRED">
        <options xmi:id="Property_10" name="delegate" value="com.ibm.ws.security.web.AuthenLoginModule"/>
      </loginModules>
    </entries>
  </systemLoginConfig>
  <properties xmi:id="Property_12" name="security.enablePluggableAuthentication" value="true" required="false"/>
</security:Security>
