<?xml version="1.0" encoding="UTF-8"?>
<variables:VariableMap xmi:version="2.0" xmlns:xmi="http://www.omg.org/XMI" xmlns:variables="http://www.ibm.com/websphere/appserver/schemas/5.0/variables.xmi" xmi:id="VariableMap_1">
  <entries xmi:id="VariableSubstitutionEntry_1" symbolicName="WAS_INSTALL_ROOT" value="${WAS_INSTALL_ROOT_PATH_MAP}" description="The filesystem path to the WebSphere product installation directory."/>
  <entries xmi:id="VariableSubstitutionEntry_2" symbolicName="USER_INSTALL_ROOT" value="${WAS_INSTALL_ROOT}" description="The filesystem path to the user installaton directory."/>
  <entries xmi:id="VariableSubstitutionEntry_3" symbolicName="WAS_LIBS_DIR" value="${WAS_INSTALL_ROOT}/lib" description="The filesystem path to the product lib directory."/>
  <entries xmi:id="VariableSubstitutionEntry_4" symbolicName="WAS_PROPS_DIR" value="${USER_INSTALL_ROOT}/properties" description="The filesystem path to the product properties directory."/>
  <entries xmi:id="VariableSubstitutionEntry_5" symbolicName="WAS_TEMP_DIR" value="${WAS_TEMP_DIR_PATH_MAP}" description="The filesystem path to the product temp directory."/>
  <entries xmi:id="VariableSubstitutionEntry_6" symbolicName="APP_INSTALL_ROOT" value="${APP_INSTALL_ROOT_PATH_MAP}" description="The filesystem path to the directory which will contain installed enterprise applications."/>
  <entries xmi:id="VariableSubstitutionEntry_7" symbolicName="LOG_ROOT" value="${SERVER_TEMP_DIR_PATH_MAP}/logs" description="The filesystem path to the directory which will contain server log files."/>
  <entries xmi:id="VariableSubstitutionEntry_8" symbolicName="DRIVER_PATH" value="${WAS_INSTALL_ROOT}" description="The filesystem path to the directory which will contain drivers."/>
  <entries xmi:id="VariableSubstitutionEntry_9" symbolicName="JAVA_HOME" value="${WAS_INSTALL_ROOT}/java" description="The filesystem path to the Java Virtual Machine installation directory."/>
  <entries xmi:id="VariableSubstitutionEntry_10" symbolicName="MQ_INSTALL_ROOT" value="${WAS_INSTALL_ROOT}/mqjms" description="The filesystem path to the installation directory for MQSeries."/>
  <entries xmi:id="VariableSubstitutionEntry_11" symbolicName="WAS_PUBSUB_ROOT" value="" description="The filesystem path to the installation directory for WebSphere Embedded Publish and Subscribe."/>
  <entries xmi:id="VariableSubstitutionEntry_12" symbolicName="DEPLOY_TOOL_ROOT" value="${WAS_INSTALL_ROOT}/deploytool/itp" description="The filesystem path to the installation directory for WebSphere EJB Deployment tool."/>
  <entries xmi:id="VariableSubstitutionEntry_13" symbolicName="CONNECTOR_INSTALL_ROOT" value="${USER_INSTALL_ROOT}/installedConnectors" description="The filesystem path to the directory which will contain installed connectors."/>
  <entries xmi:id="VariableSubstitutionEntry_14" symbolicName="TRANLOG_ROOT" value="${SERVER_TEMP_DIR_PATH_MAP}/tranlog" description="The filesystem path to the directory which will contain transaction log files."/>
  <entries xmi:id="VariableSubstitutionEntry_15" symbolicName="MQJMS_LIB_ROOT" value="${MQ_INSTALL_ROOT}/java/lib" description="The filesystem path to the MQSeries lib directory."/>
  <entries xmi:id="VariableSubstitutionEntry_16" symbolicName="WAS_ETC_DIR" value="${USER_INSTALL_ROOT}/etc" description="The filesystem path to the directory which will contain etc config files."/>
  <entries xmi:id="VariableSubstitutionEntry_17" symbolicName="User-defined_JDBC_DRIVER_PATH" value="" description="The directory where contains the dirver from Custom JDBC2.0-compliant Provider."/>
  <entries xmi:id="VariableSubstitutionEntry_18" symbolicName="DB2_JDBC_DRIVER_PATH" value="" description="The directory that contains the DB2 JDBC Driver."/>
  <entries xmi:id="VariableSubstitutionEntry_19" symbolicName="OS400_NATIVE_JDBC_DRIVER_PATH" value="" description="The directory that contains the native JDBC Driver for local DB2 connections on iSeries."/>
  <entries xmi:id="VariableSubstitutionEntry_20" symbolicName="OS400_TOOLBOX_JDBC_DRIVER_PATH" value="" description="The directory that contains the IBM Toolbox JDBC Driver for remote DB2 connections on iSeries."/>
  <entries xmi:id="VariableSubstitutionEntry_21" symbolicName="DB2390_JDBC_DRIVER_PATH" value="" description="The directory that contains the DB2 JDBC Driver on zSeries."/>
  <entries xmi:id="VariableSubstitutionEntry_22" symbolicName="CLOUDSCAPE_JDBC_DRIVER_PATH" value="${WAS_INSTALL_ROOT}/cloudscape/lib" description="The directory that contains the Cloudscape jar files."/>
  <entries xmi:id="VariableSubstitutionEntry_23" symbolicName="INFORMIX_JDBC_DRIVER_PATH" value="" description="The directory that contains the Informix JDBC Driver."/>
  <entries xmi:id="VariableSubstitutionEntry_24" symbolicName="SYBASE_JDBC_DRIVER_PATH" value="" description="The directory that contains the Sybase JDBC Driver."/>
  <entries xmi:id="VariableSubstitutionEntry_25" symbolicName="ORACLE_JDBC_DRIVER_PATH" value="" description="The directory that contains the Oracle thin or oci8  JDBC Driver."/>
  <entries xmi:id="VariableSubstitutionEntry_26" symbolicName="CONNECTJDBC_JDBC_DRIVER_PATH" value="" description="The directory that contains the unbranded ConnectJDBC  type 4 JDBC Driver for MS SQL Server."/>
  <entries xmi:id="VariableSubstitutionEntry_27" symbolicName="MSSQLSERVER_JDBC_DRIVER_PATH" value="" description="The directory that contains the Microsoft JDBC driver for MSSQLServer 2000."/>
  <entries xmi:id="VariableSubstitutionEntry_28" symbolicName="DB2UNIVERSAL_JDBC_DRIVER_PATH" value="" description="The directory that contains the DB2 Universal JDBC driver."/>
  <entries xmi:id="VariableSubstitutionEntry_29" symbolicName="UNIVERSAL_JDBC_DRIVER_PATH" value="${WAS_INSTALL_ROOT}/universalDriver/lib" description="The directory that contains the DB2 Universal JDBC driver license file."/>
  <entries xmi:id="VariableSubstitutionEntry_1092780005991" symbolicName="PUBLISHED_USER_ROOT" value="${SERVER_TEMP_DIR_PATH_MAP}"/>
</variables:VariableMap>
