<?xml version="1.0" encoding="UTF-8"?>
<!DOCTYPE ejb-jar PUBLIC "-//Sun Microsystems, Inc.//DTD Enterprise JavaBeans 2.0//EN" "http://java.sun.com/dtd/ejb-jar_2_0.dtd">
<ejb-jar id="ejb-jar_ID">
	<display-name>Exercise3EJBProject</display-name>
	<enterprise-beans>
		<session id="Exercise3EJB">
			<ejb-name>Exercise3EJB</ejb-name>
			<home>com.ibm.apl2.ejbs.Exercise3EJBHome</home>
			<remote>com.ibm.apl2.ejbs.Exercise3EJB</remote>
			<ejb-class>com.ibm.apl2.ejbs.Exercise3EJBBean</ejb-class>
			<session-type>Stateless</session-type>
			<transaction-type>Container</transaction-type>
		</session>
	</enterprise-beans>
</ejb-jar>
